epoch,model_snapshot_path
4,drl_spo_project/training_logs/shap_model_snapshots/actor_model_ep4.pth
8,drl_spo_project/training_logs/shap_model_snapshots/actor_model_ep8.pth
12,drl_spo_project/training_logs/shap_model_snapshots/actor_model_ep12.pth
16,drl_spo_project/training_logs/shap_model_snapshots/actor_model_ep16.pth
20,drl_spo_project/training_logs/shap_model_snapshots/actor_model_ep20.pth
24,drl_spo_project/training_logs/shap_model_snapshots/actor_model_ep24.pth
28,drl_spo_project/training_logs/shap_model_snapshots/actor_model_ep28.pth
32,drl_spo_project/training_logs/shap_model_snapshots/actor_model_ep32.pth
36,drl_spo_project/training_logs/shap_model_snapshots/actor_model_ep36.pth
40,drl_spo_project/training_logs/shap_model_snapshots/actor_model_ep40.pth
44,drl_spo_project/training_logs/shap_model_snapshots/actor_model_ep44.pth
48,drl_spo_project/training_logs/shap_model_snapshots/actor_model_ep48.pth
52,drl_spo_project/training_logs/shap_model_snapshots/actor_model_ep52.pth
56,drl_spo_project/training_logs/shap_model_snapshots/actor_model_ep56.pth
60,drl_spo_project/training_logs/shap_model_snapshots/actor_model_ep60.pth
64,drl_spo_project/training_logs/shap_model_snapshots/actor_model_ep64.pth
68,drl_spo_project/training_logs/shap_model_snapshots/actor_model_ep68.pth
72,drl_spo_project/training_logs/shap_model_snapshots/actor_model_ep72.pth
76,drl_spo_project/training_logs/shap_model_snapshots/actor_model_ep76.pth
80,drl_spo_project/training_logs/shap_model_snapshots/actor_model_ep80.pth
